[
  {
    "id": 1,
    "question": "What is a conditional operator in JavaScript?",
    "answer": "IF"
  },
  {
    "id": 2,
    "question": "What is a function in JavaScript?",
    "answer": "OBJECT"
  },
  {
    "id": 3,
    "question": "Which method can be used to get the length of an array?",
    "answer": "LENGTH"
  },
  {
    "id": 4,
    "question": "Which method adds an element to the end of an array?",
    "answer": "PUSH"
  },
  {
    "id": 5,
    "question": "Which method removes the last element of an array?",
    "answer": "POP"
  },
  {
    "id": 6,
    "question": "Which method is used to convert strings to arrays?",
    "answer": "SPLIT"
  },
  {
    "id": 7,
    "question": "Which method is used to convert arrays to strings?",
    "answer": "JOIN"
  },
  {
    "id": 8,
    "question": "How to declare a class in JavaScript?",
    "answer": "CLASS"
  },
  {
    "id": 9,
    "question": "Which operator is used to create an instance of a class?",
    "answer": "NEW"
  },
  {
    "id": 10,
    "question": "Which operator is used for class inheritance?",
    "answer": "EXTEND"
  },
  {
    "id": 11,
    "question": "Which operator is used to create an instance of a class?",
    "answer": "NEW"
  },
  {
    "id": 12,
    "question": "What is a callback in JavaScript?",
    "answer": "FUNCTION"
  },
  {
    "id": 13,
    "question": "In which block is the error created?",
    "answer": "TRY"
  },
  {
    "id": 14,
    "question": "In which block is the error being handled?",
    "answer": "CATCH"
  },
  {
    "id": 15,
    "question": "Which block of code is executed regardless of whether the error has been handled or not?",
    "answer": "FINALLY"
  },
  {
    "id": 16,
    "question": "What is promise?",
    "answer": "OBJECT"
  },

  {
    "id": 17,
    "question": "What is the process called when you take asynchronous functionality and make a wrapper for it that returns a promise?",
    "answer": "PROMISIFICATION"
  },
  {
    "id": 18,
    "question": "On which tab in dev Tools is localStorage located?",
    "answer": "APPLICATION"
  },
  {
    "id": 19,
    "question": "What is the name of the process in which an event that occurs on any nested element pops up the DOM tree and triggers the same events on all parent elements?",
    "answer": "BUBBLING"
  },
  {
    "id": 20,
    "question": "Which method returns a boolean value indicating whether an object contains the specified property?",
    "answer": "HASOWNPROPERTY"
  }
]
